,Country,Economic_status,Coastal_population,Waste_generation_rate_kg/person/day_All_Waste,%_Plastic_in_waste_stream,%_Inadequately_managed_waste,%_Littered_waste,Waste_generation_kg/day,Plastic_waste_generation_kg/day,Inadequately_managed_plastic_waste_kg/day,Plastic_waste_littered_[kg/day],Mismanaged_plastic_waste_kg/person/day,Mismanaged_plastic_waste_in_2010_tonnes,Mismanaged_plastic_waste_in_2025_tonnes,Lat,Lng
0,Albania,LMI,2530533.0,0.77,9.0,45.0,2.0,1948510.0,174392.0,77897.0,3488.0,0.03,29705.0,63051.0,41.153332,20.168331
1,Algeria,UMI,16556580.0,1.2,12.0,58.0,2.0,19867896.0,2374214.0,1378693.0,47484.0,0.09,520555.0,1017444.0,28.033886,1.659626
2,Angola,LMI,3790041.0,0.48,13.0,71.0,2.0,1819220.0,235589.0,166597.0,4712.0,0.05,62528.0,136770.0,-11.202692,17.873887
3,Anguilla,HIC,14561.0,2.1,12.0,2.0,2.0,30578.0,3654.0,68.0,73.0,0.01,52.0,73.0,18.220554,-63.06861499999999
4,Antigua & Barbuda,HIC,66843.0,5.5,12.0,6.0,2.0,367637.0,43933.0,2555.0,879.0,0.05,1253.0,1385.0,17.060816,-61.796428
5,Argentina,UMI,16449245.0,1.22,15.0,12.0,2.0,20068079.0,3000178.0,372261.0,60004.0,0.03,157777.0,320197.0,-38.416097,-63.61667199999999
6,Aruba,HIC,137910.0,2.1,12.0,1.0,2.0,289611.0,34609.0,326.0,692.0,0.01,372.0,476.0,12.52111,-69.968338
7,Australia,HIC,17235954.0,2.23,5.0,0.0,2.0,38436177.0,1902591.0,0.0,38052.0,0.00,13889.0,24653.0,-25.274398,133.775136
8,Bahamas,HIC,341145.0,3.25,12.0,1.0,2.0,1108721.0,132492.0,1002.0,2650.0,0.01,1333.0,1718.0,25.03428,-77.39627999999999
9,Bahrain,HIC,743574.0,1.1,12.0,10.0,2.0,817931.0,97743.0,10033.0,1955.0,0.02,4376.0,9915.0,26.0667,50.5577
10,Bangladesh,LI,70874124.0,0.43,8.0,87.0,2.0,30475873.0,2422832.0,2108603.0,48457.0,0.03,787327.0,2210230.0,23.684994,90.356331
11,Barbados,HIC,276784.0,4.75,12.0,4.0,2.0,1314724.0,157110.0,6400.0,3142.0,0.03,3483.0,3719.0,13.193887,-59.543198
12,Belgium,HIC,4747957.0,1.33,6.0,0.0,2.0,6314783.0,375730.0,0.0,7515.0,0.00,2743.0,5739.0,50.503887,4.469936
13,Belize,UMI,202429.0,2.87,6.0,29.0,2.0,580971.0,34568.0,9972.0,691.0,0.05,3892.0,6042.0,17.189877,-88.49765
14,Benin,LI,3235418.0,0.54,8.0,83.0,2.0,1747126.0,138896.0,115073.0,2778.0,0.04,43015.0,119467.0,9.30769,2.315834
15,Bermuda,HIC,66966.0,2.1,12.0,0.0,2.0,140629.0,16805.0,0.0,336.0,0.01,123.0,173.0,32.3078,-64.7505
16,Bosnia and Herzegovina,UMI,585582.0,1.2,12.0,40.0,2.0,702698.0,83972.0,33813.0,1679.0,0.06,12955.0,20201.0,43.915886,17.679076
17,Brazil,UMI,74696771.0,1.03,16.0,9.0,2.0,76937674.0,12271559.0,1046087.0,245431.0,0.02,471404.0,954198.0,-14.235004,-51.92528
18,British Virgin Islands,HIC,29674.0,2.1,12.0,0.0,2.0,62315.0,7447.0,3.0,149.0,0.01,55.0,78.0,18.420695,-64.639968
19,Brunei,HIC,359871.0,0.87,3.0,1.0,2.0,313088.0,9236.0,71.0,185.0,0.00,93.0,341.0,4.535277,114.727669
20,Bulgaria,UMI,1002695.0,1.28,12.0,31.0,2.0,1283450.0,153372.0,48273.0,3067.0,0.05,18739.0,25770.0,42.733883,25.48583
21,Burma/Myanmar,LI,18988522.0,0.44,17.0,87.0,2.0,8354950.0,1416164.0,1227208.0,28323.0,0.07,458269.0,1149267.0,21.916221,95.955974
22,Cambodia,LI,1391254.0,0.6,11.0,87.0,2.0,834752.0,91405.0,79502.0,1828.0,0.06,29686.0,62834.0,12.565679,104.990963
23,Cameroon,LMI,1986723.0,0.77,6.0,81.0,2.0,1529777.0,91022.0,74107.0,1820.0,0.04,27713.0,71863.0,7.369721999999999,12.354722
24,Canada,HIC,11846863.0,2.33,4.0,0.0,2.0,27603191.0,1090326.0,0.0,21807.0,0.00,7959.0,14668.0,56.130366,-106.346771
25,Cape Verde,LMI,522245.0,0.5,13.0,74.0,2.0,261123.0,33815.0,24933.0,676.0,0.05,9347.0,18475.0,16.5388,-23.0418
26,Cayman Islands,HIC,51864.0,2.1,12.0,0.0,2.0,108914.0,13015.0,0.0,260.0,0.01,95.0,134.0,19.3133,-81.2546
27,Channel Islands,HIC,153352.0,2.1,12.0,0.0,2.0,322039.0,38484.0,0.0,770.0,0.01,281.0,355.0,33.4467604,-119.3791204
28,Chile,UMI,5621550.0,1.08,11.0,7.0,2.0,6071274.0,664805.0,46304.0,13296.0,0.01,21754.0,42562.0,-35.675147,-71.542969
29,China,UMI,262892387.0,1.1,11.0,74.0,2.0,289181626.0,31665388.0,23530300.0,633308.0,0.09,8819717.0,17814777.0,35.86166,104.195397
30,Christmas Island,HIC,1402.0,2.1,12.0,0.0,2.0,2944.0,352.0,0.0,7.0,0.01,3.0,4.0,-10.447525,105.690449
31,Cocos Islands,HIC,596.0,2.1,12.0,0.0,2.0,1252.0,150.0,0.0,3.0,0.01,1.0,2.0,-12.164165,96.87095599999999
32,Colombia,UMI,7498563.0,1.2,12.0,21.0,2.0,8998276.0,1075294.0,231024.0,21506.0,0.03,92173.0,179973.0,4.570868,-74.297333
33,Comoros,LI,938595.0,2.23,9.0,83.0,2.0,2093067.0,187329.0,155246.0,3747.0,0.17,58032.0,100870.0,-11.6455,43.3333
34,Congo Rep of,LMI,847807.0,0.53,13.0,77.0,2.0,449338.0,58189.0,44769.0,1164.0,0.05,16766.0,39853.0,-0.228021,15.827659
35,"Congo, Dem rep. of",LI,1076056.0,0.5,9.0,85.0,2.0,538028.0,48154.0,40703.0,963.0,0.04,15208.0,43480.0,-4.038333,21.758664
36,Cook Islands,UMI,20934.0,1.2,12.0,36.0,2.0,25121.0,3002.0,1079.0,60.0,0.05,416.0,784.0,-21.236736,-159.777671
37,Costa Rica,UMI,2479298.0,1.36,19.0,16.0,2.0,3371845.0,638965.0,102536.0,12779.0,0.05,42090.0,75895.0,9.748916999999999,-83.753428
38,Cote d'Ivoire,LMI,6230583.0,0.79,13.0,82.0,2.0,4922161.0,637420.0,520288.0,12748.0,0.09,194558.0,537163.0,7.539988999999999,-5.547079999999999
39,Croatia,HIC,1602782.0,2.1,12.0,9.0,2.0,3365842.0,402218.0,37053.0,8044.0,0.03,16461.0,19593.0,45.1,15.2000001
40,Cuba,UMI,11333471.0,0.81,11.0,23.0,2.0,9180112.0,1005222.0,228196.0,20104.0,0.02,90630.0,180454.0,21.521757,-77.781167
41,Curacao,HIC,143784.0,2.1,12.0,0.0,2.0,301946.0,36083.0,12.0,722.0,0.01,268.0,378.0,12.16957,-68.99002
42,Cyprus,HIC,840556.0,2.07,12.0,0.0,2.0,1739951.0,207924.0,831.0,4158.0,0.01,1821.0,2611.0,35.126413,33.429859
43,Denmark,HIC,5376386.0,2.34,2.0,0.0,2.0,12580743.0,245324.0,0.0,4906.0,0.00,1791.0,4233.0,56.26392,9.501785
44,Dhekelia,HIC,15700.0,2.1,12.0,0.0,2.0,32970.0,3940.0,2.0,79.0,0.01,30.0,42.0,34.5802786,32.9743145
45,Djibouti,LMI,621744.0,0.79,13.0,73.0,2.0,491178.0,63608.0,46191.0,1272.0,0.08,17324.0,45612.0,11.825138,42.590275
46,Dominica,UMI,70138.0,1.24,12.0,19.0,2.0,86971.0,10393.0,1938.0,208.0,0.03,783.0,1428.0,15.414999,-61.37097600000001
47,Dominican Republic,UMI,8232586.0,1.2,12.0,25.0,2.0,9879103.0,1180553.0,300295.0,23611.0,0.04,118226.0,228671.0,18.735693,-70.162651
48,East Timor,LMI,668749.0,0.79,13.0,81.0,2.0,528312.0,68416.0,55316.0,1368.0,0.09,20690.0,64205.0,-8.874217,125.727539
49,Ecuador,LMI,6400048.0,1.13,13.0,30.0,2.0,7232054.0,936551.0,280948.0,18731.0,0.05,109383.0,211021.0,-1.831239,-78.18340599999999
50,Egypt,LMI,21750943.0,1.37,13.0,67.0,2.0,29798792.0,3858944.0,2572170.0,77179.0,0.12,967012.0,1937428.0,26.820553,30.802498
51,El Salvador,LMI,6410726.0,1.13,13.0,33.0,2.0,7244120.0,938114.0,306531.0,18762.0,0.05,118732.0,226860.0,13.794185,-88.89653
52,Equatorial Guinea,UMI,351600.0,1.2,12.0,30.0,2.0,421920.0,50419.0,15367.0,1008.0,0.05,5977.0,14124.0,1.650801,10.267895
53,Eritrea,LI,1266222.0,0.5,9.0,77.0,2.0,633111.0,56663.0,43411.0,1133.0,0.04,16259.0,43484.0,15.179384,39.782334
54,Estonia,HIC,878021.0,1.47,12.0,9.0,2.0,1290691.0,154238.0,13296.0,3085.0,0.02,5979.0,8367.0,58.595272,25.0136071
55,Falkland Islands,HIC,2602.0,2.1,12.0,0.0,2.0,5464.0,653.0,0.0,13.0,0.01,5.0,7.0,-51.796253,-59.523613
56,Faroe Islands,HIC,50554.0,2.1,12.0,0.0,2.0,106163.0,12687.0,0.0,254.0,0.01,93.0,131.0,61.89263500000001,-6.9118061
57,Fiji,UMI,896145.0,2.1,9.0,78.0,2.0,1881905.0,168430.0,131582.0,3369.0,0.15,49257.0,70995.0,-17.713371,178.065032
58,Finland,HIC,2927674.0,2.13,11.0,0.0,2.0,6235946.0,682836.0,0.0,13657.0,0.01,4985.0,6422.0,61.92410999999999,25.7481511
59,France,HIC,17287280.0,1.92,10.0,0.0,2.0,33191578.0,3302562.0,0.0,66051.0,0.00,24109.0,34671.0,46.227638,2.213749
60,French Guiana,UMI,167631.0,1.2,12.0,25.0,2.0,201157.0,24038.0,5986.0,481.0,0.04,2360.0,5577.0,3.933889,-53.125782
61,French Polynesia,HIC,270618.0,2.1,12.0,3.0,2.0,568298.0,67912.0,2165.0,1358.0,0.01,1286.0,1824.0,-17.679742,-149.406843
62,Gabon,UMI,862328.0,0.45,12.0,34.0,2.0,388048.0,46372.0,15750.0,927.0,0.02,6087.0,15446.0,-0.803689,11.609444
63,Georgia,LMI,1124249.0,1.69,4.0,51.0,2.0,1899981.0,75049.0,38149.0,1501.0,0.04,14472.0,24532.0,32.1656221,-82.9000751
64,Germany,HIC,8837035.0,2.11,23.0,0.0,2.0,18646144.0,4279290.0,0.0,85586.0,0.01,31239.0,33317.0,51.165691,10.451526
65,Ghana,LMI,7727702.0,0.79,5.0,81.0,2.0,6104885.0,302192.0,244835.0,6044.0,0.03,91571.0,325116.0,7.946527,-1.023194
66,Gibraltar,HIC,33483.0,2.1,12.0,0.0,2.0,70314.0,8403.0,9.0,168.0,0.01,65.0,92.0,36.140751,-5.353585
67,Greece,HIC,9794702.0,2.0,10.0,0.0,2.0,19589404.0,1949146.0,0.0,38983.0,0.00,14229.0,18621.0,39.074208,21.824312
68,Greenland,HIC,57068.0,2.1,12.0,0.0,2.0,119843.0,14321.0,0.0,286.0,0.01,105.0,148.0,71.706936,-42.604303
69,Grenada,UMI,96121.0,2.71,12.0,18.0,2.0,260488.0,31128.0,5536.0,623.0,0.06,2248.0,2452.0,12.1165,-61.67899999999999
70,Guadeloupe,UMI,466166.0,1.2,12.0,25.0,2.0,559399.0,66848.0,16646.0,1337.0,0.04,6564.0,11502.0,16.265,-61.55099999999999
71,Guam,HIC,190809.0,2.1,12.0,0.0,2.0,400699.0,47884.0,118.0,958.0,0.01,393.0,574.0,13.444304,144.793731
72,Guatemala,LMI,2392442.0,2.0,14.0,36.0,2.0,4784884.0,667491.0,237508.0,13350.0,0.11,91563.0,157698.0,15.783471,-90.23075899999999
73,Guernsey,HIC,56289.0,2.1,12.0,0.0,2.0,118207.0,14126.0,0.0,283.0,0.01,103.0,146.0,49.4481982,-2.58949
74,Guinea,LI,1996496.0,0.6,5.0,84.0,2.0,1197898.0,59296.0,49538.0,1186.0,0.03,18514.0,59889.0,9.945587,-9.696645
75,Guinea-Bissau,LI,1208106.0,0.6,9.0,83.0,2.0,724864.0,64875.0,54156.0,1298.0,0.05,20240.0,51947.0,11.803749,-15.180413
76,Guyana,LMI,513235.0,5.33,11.0,36.0,2.0,2735543.0,299542.0,109084.0,5991.0,0.22,42002.0,36103.0,4.860416,-58.93018
77,Haiti,LI,9155693.0,1.0,9.0,47.0,2.0,9155693.0,819435.0,387416.0,16389.0,0.04,147389.0,324178.0,18.971187,-72.285215
78,Honduras,LMI,3324144.0,1.45,13.0,40.0,2.0,4820009.0,624191.0,249539.0,12484.0,0.08,95638.0,189169.0,15.199999,-86.241905
79,Hong Kong,HIC,7573074.0,1.99,20.0,1.0,2.0,15070417.0,3006548.0,17983.0,60131.0,0.01,28512.0,37606.0,22.3193039,114.1693611
80,Iceland,HIC,292708.0,1.56,18.0,0.0,2.0,456624.0,81964.0,0.0,1639.0,0.01,598.0,883.0,64.963051,-19.020835
81,India,LMI,187493433.0,0.34,3.0,85.0,2.0,63747767.0,1880559.0,1605729.0,37611.0,0.01,599819.0,2881294.0,20.593684,78.96288
82,Indonesia,LMI,187223476.0,0.52,11.0,81.0,2.0,97356208.0,10660505.0,8600093.0,213210.0,0.05,3216856.0,7415202.0,-0.789275,113.921327
83,Iran,UMI,9099695.0,1.2,12.0,50.0,2.0,10919634.0,1304896.0,651717.0,26098.0,0.07,247403.0,460067.0,32.427908,53.688046
84,Iraq,LMI,639228.0,0.79,13.0,63.0,2.0,504990.0,65396.0,41330.0,1308.0,0.07,15563.0,47694.0,33.223191,43.679291
85,Ireland,HIC,3749576.0,3.58,12.0,0.0,2.0,13423482.0,1604106.0,0.0,32082.0,0.01,11710.0,14045.0,53.1423672,-7.692053599999999
86,Isle of Man,HIC,81222.0,2.1,12.0,0.0,2.0,170566.0,20383.0,0.0,408.0,0.01,149.0,210.0,54.236107,-4.548056
87,Israel,HIC,6677810.0,2.12,14.0,1.0,2.0,14156957.0,1974896.0,12577.0,39498.0,0.01,19007.0,28211.0,31.046051,34.851612
88,Italy,HIC,33822532.0,2.23,6.0,0.0,2.0,75424246.0,4487743.0,0.0,89755.0,0.00,32761.0,45058.0,41.87194,12.56738
89,Jamaica,UMI,2820558.0,0.18,19.0,27.0,2.0,507700.0,96209.0,25525.0,1924.0,0.01,10019.0,59575.0,18.109581,-77.297508
90,Japan,HIC,115228891.0,1.71,10.0,0.0,2.0,197041404.0,19605620.0,0.0,392112.0,0.00,143121.0,177241.0,36.204824,138.252924
91,Jersey,HIC,90076.0,2.1,12.0,0.0,2.0,189160.0,22605.0,0.0,452.0,0.01,165.0,233.0,49.214439,-2.13125
92,Jordan,UMI,55392.0,1.2,12.0,58.0,2.0,66470.0,7943.0,4600.0,159.0,0.09,1737.0,2975.0,30.585164,36.238414
93,Kenya,LI,2729945.0,0.3,9.0,83.0,2.0,818984.0,73299.0,60610.0,1466.0,0.02,22658.0,87109.0,-0.023559,37.906193
94,Kiribati,LMI,94487.0,0.79,13.0,84.0,2.0,74645.0,9666.0,8148.0,193.0,0.09,3045.0,6977.0,-3.370417,-168.734039
95,"Korea, North",LI,17327483.0,0.6,9.0,88.0,2.0,10396490.0,930486.0,815165.0,18610.0,0.05,304328.0,610607.0,40.339852,127.510093
96,"Korea, South (Republic of Korea)",HIC,41654619.0,1.24,9.0,0.0,2.0,51651728.0,4622830.0,0.0,92457.0,0.00,33747.0,52764.0,35.907757,127.766922
97,Kuwait,HIC,2293604.0,5.72,12.0,0.0,2.0,13119415.0,1567770.0,122.0,31355.0,0.01,11489.0,13479.0,29.31166,47.481766
98,Latvia,UMI,1432078.0,1.03,12.0,14.0,2.0,1475040.0,176267.0,24651.0,3525.0,0.02,10284.0,16654.0,56.879635,24.603189
99,Lebanon,UMI,3890871.0,1.18,8.0,34.0,2.0,4591228.0,365003.0,123700.0,7300.0,0.03,47815.0,101852.0,33.854721,35.862285
100,Liberia,LI,2148271.0,0.6,14.0,84.0,2.0,1288963.0,179810.0,151822.0,3596.0,0.07,56728.0,142787.0,6.428055,-9.429499000000002
101,Libya,UMI,4050128.0,1.2,12.0,23.0,2.0,4860154.0,580788.0,132985.0,11616.0,0.04,52779.0,102577.0,26.3351,17.228331
102,Lithuania,UMI,443894.0,1.1,12.0,14.0,2.0,488283.0,58350.0,8364.0,1167.0,0.02,3479.0,5478.0,55.169438,23.881275
103,Macao,HIC,257911.0,1.47,25.0,0.0,2.0,379129.0,94593.0,22.0,1892.0,0.01,698.0,1146.0,22.198745,113.543873
104,Madagascar,LI,7062413.0,0.8,2.0,84.0,2.0,5649930.0,110174.0,92377.0,2203.0,0.01,34522.0,177625.0,-18.766947,46.869107
105,Malaysia,UMI,22890252.0,1.52,13.0,55.0,2.0,34793183.0,4505717.0,2476510.0,90114.0,0.11,936818.0,1765977.0,4.210484,101.975766
106,Maldives,LMI,392567.0,2.48,13.0,66.0,2.0,973566.0,126077.0,83695.0,2522.0,0.22,31469.0,40143.0,3.202778,73.22068
107,Malta,HIC,404707.0,1.78,12.0,6.0,2.0,720378.0,86085.0,5456.0,1722.0,0.02,2620.0,3757.0,35.937496,14.375416
108,Marshall Islands,UMI,58086.0,1.2,16.0,77.0,2.0,69703.0,11118.0,8510.0,222.0,0.15,3187.0,5717.0,7.131474,171.184478
109,Martinique,HIC,402257.0,2.1,12.0,0.0,2.0,844740.0,100946.0,33.0,2019.0,0.01,749.0,955.0,14.641528,-61.024174
110,Mauritania,LI,1005481.0,0.5,9.0,82.0,2.0,502741.0,44995.0,37056.0,900.0,0.04,13854.0,39754.0,21.00789,-10.940835
111,Mauritius,UMI,1255952.0,2.3,10.0,51.0,2.0,2888690.0,287425.0,147817.0,5748.0,0.12,56051.0,73172.0,-20.348404,57.55215200000001
112,Mexico,UMI,22647771.0,1.24,7.0,12.0,2.0,28083236.0,1951785.0,238616.0,39036.0,0.01,101343.0,233393.0,23.634501,-102.552784
113,Micronesia,LMI,154895.0,0.79,13.0,81.0,2.0,122367.0,15847.0,12818.0,317.0,0.09,4794.0,10699.0,7.425554,150.550812
114,Monaco,HIC,34050.0,2.1,12.0,0.0,2.0,71505.0,8545.0,0.0,171.0,0.01,62.0,88.0,43.73841760000001,7.424615799999999
115,Montenegro,UMI,260336.0,1.2,12.0,30.0,2.0,312403.0,37332.0,11353.0,747.0,0.05,4416.0,7244.0,42.708678,19.37439
116,Montserrat,UMI,5173.0,1.2,12.0,12.0,2.0,6208.0,742.0,89.0,15.0,0.02,38.0,71.0,16.742498,-62.187366
117,Morocco,LMI,17303431.0,1.46,5.0,66.0,2.0,25263009.0,1250519.0,824650.0,25010.0,0.05,310126.0,706583.0,31.791702,-7.092619999999999
118,Mozambique,LI,9566559.0,0.14,11.0,84.0,2.0,1339318.0,146655.0,123081.0,2933.0,0.01,45995.0,287067.0,-18.665695,35.529562
119,Namibia,UMI,155084.0,1.2,12.0,66.0,2.0,186101.0,22239.0,14570.0,445.0,0.10,5480.0,11340.0,-22.95764,18.49041
120,Nauru,UMI,15289.0,1.2,12.0,67.0,2.0,18347.0,2192.0,1473.0,44.0,0.10,554.0,1043.0,-0.522778,166.931503
121,Netherlands,HIC,8971770.0,2.12,20.0,0.0,2.0,19020152.0,3794520.0,0.0,75890.0,0.01,27700.0,32387.0,52.132633,5.291265999999999
122,Netherlands Antilles,HIC,227165.0,2.1,12.0,0.0,2.0,477047.0,57007.0,0.0,1140.0,0.01,416.0,368.0,52.3763561,4.9245673
123,New Caledonia,HIC,257904.0,2.1,12.0,0.0,2.0,541598.0,64721.0,0.0,1294.0,0.01,472.0,702.0,-20.904305,165.618042
124,New Zealand,HIC,3862054.0,3.68,9.0,0.0,2.0,14212359.0,1272006.0,0.0,25440.0,0.01,9286.0,11517.0,-40.900557,174.885971
125,Nicaragua,LMI,3482653.0,1.1,13.0,45.0,2.0,3830918.0,496104.0,221353.0,9922.0,0.07,84415.0,169439.0,12.865416,-85.207229
126,Nigeria,LMI,27477112.0,0.79,13.0,81.0,2.0,21706918.0,2811046.0,2276636.0,56221.0,0.09,851493.0,2481008.0,9.081999,8.675277
127,Niue,HIC,1799.0,2.1,12.0,0.0,2.0,3778.0,451.0,1.0,9.0,0.01,4.0,5.0,-19.054445,-169.867233
128,Norfolk Island,LMI,2156.0,0.79,13.0,82.0,2.0,1703.0,221.0,182.0,4.0,0.09,68.0,156.0,-29.040835,167.954712
129,Northern Mariana Islands,HIC,106256.0,2.1,12.0,0.0,2.0,223138.0,26665.0,66.0,533.0,0.01,219.0,309.0,15.0979,145.6739
130,Norway,HIC,4131679.0,2.8,10.0,0.0,2.0,11568701.0,1151086.0,0.0,23022.0,0.01,8403.0,9798.0,60.47202399999999,8.468945999999999
131,Oman,HIC,2597556.0,0.7,12.0,4.0,2.0,1818289.0,217286.0,8416.0,4346.0,0.01,4658.0,11774.0,21.4735329,55.975413
132,Pakistan,LMI,14581952.0,0.79,13.0,86.0,2.0,11519742.0,1491807.0,1286583.0,29836.0,0.09,480493.0,1221460.0,30.375321,69.34511599999999
133,Palau,UMI,23446.0,1.2,12.0,56.0,2.0,28135.0,3362.0,1895.0,67.0,0.08,716.0,1350.0,7.514979999999999,134.58252
134,Palestine (Gaza Strip is only part on the coast),LMI,3045258.0,0.79,8.0,6.0,2.0,2405754.0,191257.0,11515.0,3825.0,0.01,5599.0,18676.0,31.3546763,34.3088255
135,Panama,UMI,3249531.0,1.21,12.0,18.0,2.0,3931933.0,469866.0,84815.0,9397.0,0.03,34388.0,70759.0,8.537981,-80.782127
136,Papua New Guinea,LMI,2747514.0,0.79,13.0,86.0,2.0,2170536.0,281084.0,240502.0,5622.0,0.09,89835.0,242328.0,-6.314992999999999,143.95555
137,Peru,UMI,13765608.0,1.2,12.0,25.0,2.0,16518730.0,1973988.0,493267.0,39480.0,0.04,194453.0,377111.0,-9.189967,-75.015152
138,Philippines,LMI,83446862.0,0.5,15.0,81.0,2.0,41723431.0,6237653.0,5035956.0,124753.0,0.06,1883659.0,5088394.0,12.879721,121.774017
139,Poland,UMI,3272933.0,0.88,11.0,12.0,2.0,2880181.0,315380.0,36715.0,6308.0,0.01,15703.0,26855.0,51.919438,19.145136
140,Portugal,HIC,8507951.0,2.21,12.0,0.0,2.0,18802572.0,2246907.0,0.0,44938.0,0.01,16402.0,19382.0,39.39987199999999,-8.224454
141,Puerto Rico,HIC,4249848.0,2.1,12.0,2.0,2.0,8924681.0,1066499.0,23923.0,21330.0,0.01,16517.0,20481.0,18.220833,-66.590149
142,Qatar,HIC,653007.0,1.33,12.0,0.0,2.0,868499.0,103786.0,0.0,2076.0,0.00,758.0,1560.0,25.354826,51.183884
143,Reunion,UMI,809426.0,1.2,12.0,0.0,2.0,971311.0,116072.0,0.0,2321.0,0.00,847.0,1615.0,-21.115141,55.536384
144,Romania,UMI,875170.0,1.04,4.0,26.0,2.0,910177.0,35952.0,9172.0,719.0,0.01,3610.0,8261.0,45.943161,24.96676
145,Russia,UMI,10812537.0,0.93,12.0,16.0,2.0,10055659.0,1201651.0,197226.0,24033.0,0.02,80759.0,128946.0,61.52401,105.318756
146,Saint Helena,UMI,6839.0,1.2,12.0,25.0,2.0,8207.0,981.0,244.0,20.0,0.04,96.0,182.0,-15.9650104,-5.7089241
147,Saint Kitts and Nevis,UMI,36102.0,5.45,12.0,6.0,2.0,196756.0,23512.0,1489.0,470.0,0.05,715.0,742.0,17.357822,-62.782998
148,Saint Lucia,UMI,163227.0,4.35,12.0,20.0,2.0,710037.0,84849.0,16683.0,1697.0,0.11,6709.0,8610.0,13.909444,-60.978893
149,"Saint Maarten, DWI",HIC,37429.0,2.1,12.0,0.0,2.0,78601.0,9393.0,3.0,188.0,0.01,70.0,98.0,18.04248,-63.05483
150,Saint Pierre,HIC,5888.0,2.1,12.0,0.0,2.0,12365.0,1478.0,0.0,30.0,0.01,11.0,15.0,46.7758459,-56.1806363
151,Saint Vincent and the Grenadines,UMI,120149.0,1.7,13.0,21.0,2.0,204253.0,26451.0,5621.0,529.0,0.05,2245.0,2996.0,12.984305,-61.287228
152,Samoa,LMI,168025.0,0.79,13.0,80.0,2.0,132740.0,17190.0,13688.0,344.0,0.08,5122.0,10989.0,-13.759029,-172.104629
153,Sao Tome and Principe,LMI,163740.0,0.79,13.0,81.0,2.0,129355.0,16751.0,13587.0,335.0,0.09,5081.0,13309.0,0.18636,6.613080999999999
154,Saudi Arabia,HIC,3593471.0,1.3,12.0,8.0,2.0,4671512.0,558246.0,45142.0,11165.0,0.02,20552.0,43855.0,23.885942,45.079162
155,Senegal,LMI,8125063.0,0.79,13.0,82.0,2.0,6418800.0,831235.0,681376.0,16625.0,0.09,254770.0,738264.0,14.497401,-14.452362
156,Seychelles,UMI,91361.0,2.98,12.0,37.0,2.0,272256.0,32535.0,12005.0,651.0,0.14,4619.0,5478.0,-4.679574,55.491977
157,Sierra Leone,LI,2887017.0,0.45,9.0,84.0,2.0,1299158.0,116275.0,97423.0,2325.0,0.04,36408.0,121312.0,8.460555,-11.779889
158,Singapore,HIC,4492494.0,1.49,13.0,0.0,2.0,6693816.0,866849.0,393.0,17337.0,0.00,6472.0,10878.0,1.352083,103.819836
159,Slovenia,HIC,336594.0,1.21,12.0,1.0,2.0,407279.0,48670.0,550.0,973.0,0.01,556.0,985.0,46.151241,14.995463
160,Solomon Islands,LMI,618678.0,0.79,13.0,86.0,2.0,488756.0,63294.0,54608.0,1266.0,0.09,20394.0,176589.0,-9.64571,160.156194
161,Somalia,LI,5971169.0,0.6,9.0,85.0,2.0,3582701.0,320652.0,271753.0,6413.0,0.05,101531.0,289601.0,5.152149,46.199616
162,South Africa,UMI,12899201.0,2.0,12.0,54.0,2.0,25798402.0,3082909.0,1664382.0,61658.0,0.13,630005.0,836279.0,-30.559482,22.937506
163,Spain,HIC,22771488.0,2.13,13.0,0.0,2.0,48503269.0,6281173.0,0.0,125623.0,0.01,45853.0,58932.0,40.46366700000001,-3.74922
164,Sri Lanka,LMI,14568174.0,5.1,7.0,82.0,2.0,74297687.0,5163689.0,4256120.0,103274.0,0.30,1591179.0,1918670.0,7.873053999999999,80.77179699999999
165,Sudan,LMI,752529.0,0.79,13.0,80.0,2.0,594498.0,76987.0,61277.0,1540.0,0.08,22928.0,52061.0,12.862807,30.217636
166,Suriname,UMI,402263.0,1.36,12.0,15.0,2.0,547078.0,65376.0,9493.0,1308.0,0.03,3942.0,6394.0,3.919305,-56.027783
167,Svalbard,LMI,2226.0,0.79,13.0,0.0,2.0,1759.0,228.0,0.0,5.0,0.00,2.0,4.0,77.8749725,20.9751821
168,Sweden,HIC,6202234.0,1.61,3.0,0.0,2.0,9985597.0,294575.0,0.0,5892.0,0.00,2150.0,5245.0,60.12816100000001,18.643501
169,Syria,LMI,3621997.0,1.37,13.0,65.0,2.0,4962136.0,642597.0,419763.0,12852.0,0.12,157904.0,304960.0,34.80207499999999,38.996815
170,Taiwan,HIC,22211567.0,2.1,12.0,0.0,2.0,46644291.0,5573993.0,13776.0,111480.0,0.01,45718.0,64631.0,23.69781,120.960515
171,Tanzania,LI,6688695.0,0.26,9.0,84.0,2.0,1739061.0,155646.0,129999.0,3113.0,0.02,48586.0,214196.0,-6.369028,34.888822
172,Thailand,UMI,26043442.0,1.2,12.0,73.0,2.0,31252130.0,3734630.0,2741031.0,74693.0,0.11,1027739.0,2179508.0,15.870032,100.992541
173,The Gambia,LI,1324214.0,0.53,9.0,84.0,2.0,701833.0,62814.0,52485.0,1256.0,0.04,19616.0,53498.0,13.443182,-15.310139
174,Togo,LI,1991642.0,0.52,11.0,84.0,2.0,1035654.0,113404.0,94721.0,2268.0,0.05,35401.0,96994.0,8.619543,0.824782
175,Tokelau,LMI,1379.0,0.79,13.0,82.0,2.0,1089.0,141.0,116.0,3.0,0.09,43.0,100.0,-9.200199999999999,-171.8484
176,Tonga,LMI,102872.0,3.71,6.0,78.0,2.0,381655.0,22708.0,17694.0,454.0,0.18,6624.0,10272.0,-21.178986,-175.198242
177,Trinidad and Tobago,HIC,1358433.0,14.4,25.0,3.0,2.0,19561435.0,4880578.0,160103.0,97612.0,0.19,94066.0,73512.0,10.691803,-61.222503
178,Tunisia,UMI,7274973.0,1.2,12.0,60.0,2.0,8729968.0,1043231.0,621077.0,20865.0,0.09,234309.0,440701.0,33.886917,9.537499
179,Turkey,UMI,34042862.0,1.77,12.0,16.0,2.0,60255866.0,7200576.0,1187323.0,144012.0,0.04,485937.0,790235.0,38.963745,35.243322
180,Turks and Caicos Islands,HIC,22570.0,2.1,12.0,0.0,2.0,47397.0,5664.0,22.0,113.0,0.01,49.0,70.0,21.694025,-71.797928
181,Tuvalu,UMI,11563.0,1.2,12.0,73.0,2.0,13876.0,1658.0,1218.0,33.0,0.11,457.0,861.0,-7.109534999999999,177.64933
182,Ukraine,LMI,6812799.0,0.79,13.0,49.0,2.0,5382111.0,696983.0,338841.0,13940.0,0.05,128765.0,233388.0,48.379433,31.1655799
183,United Arab Emirates,HIC,2018302.0,1.66,12.0,0.0,2.0,3350381.0,400371.0,256.0,8007.0,0.00,3016.0,5910.0,23.424076,53.847818
184,United Kingdom,HIC,43258889.0,1.79,12.0,0.0,2.0,77433411.0,9253293.0,0.0,185066.0,0.00,67549.0,94165.0,55.378051,-3.435973
185,United States,HIC,112925034.0,2.58,13.0,0.0,2.0,291346588.0,37729383.0,0.0,754588.0,0.01,275424.0,336819.0,37.09024,-95.712891
186,Uruguay,HIC,2433597.0,2.1,12.0,8.0,2.0,5110554.0,610711.0,46861.0,12214.0,0.02,21562.0,8037.0,-32.522779,-55.765835
187,USVI,HIC,134219.0,2.1,12.0,0.0,2.0,281860.0,33682.0,11.0,674.0,0.01,250.0,296.0,18.335765,-64.896335
188,Vanuatu,LMI,251851.0,3.28,9.0,81.0,2.0,826071.0,73933.0,60104.0,1479.0,0.25,22478.0,38006.0,-15.376706,166.959158
189,Venezuela,HIC,16094897.0,2.1,12.0,5.0,2.0,33799284.0,4039014.0,199585.0,80780.0,0.02,102333.0,154243.0,6.42375,-66.58973
190,Vietnam,LMI,55858245.0,0.79,13.0,86.0,2.0,44128014.0,5714578.0,4909870.0,114292.0,0.09,1833819.0,4172828.0,14.058324,108.277199
191,Yemen,LMI,6048920.0,0.79,13.0,73.0,2.0,4778647.0,618835.0,451134.0,12377.0,0.08,169181.0,513907.0,15.552727,48.516388
192,,,,,,,,,,,,Total,31865274.0,69143290.0,33.791638,-84.389488
193,,Notes:,,,,,,,,,,,,,33.791638,-84.389488
194,,1 - Based upon 2010 Gross National Income,,,,,,,,,,,,,33.791638,-84.389488
195,,2 - Based upon a 50 km coastal buffer created in GIS with global population densities24,,,,,,,,,,,,,33.791638,-84.389488
196,,"3 - Bold data were taken directly from World Bank estimates6,21",,,,,,,,,,,,,33.791638,-84.389488
197,,"4 - Bold data were taken directly from World Bank estimates6,21 ",,,,,,,,,,,,,33.791638,-84.389488
198,,5 - Using a model developed for this study (see Supplemental Information),,,,,,,,,,,,,33.791638,-84.389488
199,,6 - From U.S. national litter study22,,,,,,,,,,,,,33.791638,-84.389488
200,,7 - Calculated values,,,,,,,,,,,,,33.791638,-84.389488
201,,8 - Economic status changed from 2005 to 20106; waste generation rate and %plastic were assigned using average values for the 2010 economic category ,,,,,,,,,,,,,33.791638,-84.389488
